id;tracking_code;date;details
1;Mouse Villages;2021-06-18T17:04:41;unleash integrate
2;Gloves Account Belarussian;2021-06-19T03:05:02;Orchestrator Stravenue
3;Gorgeous Checking;2021-06-18T08:23:34;SSL zero
4;user-facing turquoise;2021-06-18T22:13:42;Iran Garden auxiliary
5;experiences multi-tasking Tasty;2021-06-18T09:41:35;Viaduct Bedfordshire
6;Shoes Avon;2021-06-19T05:03:08;Lilangeni
7;Music Handmade;2021-06-18T14:40:46;Estate red
8;Officer mobile Specialist;2021-06-19T00:30:49;system
9;bypass;2021-06-19T06:03:07;Streamlined
10;invoice Quality-focused hack;2021-06-18T10:23:56;wireless Borders
